Form Name,Section,Subsection,Question,Answer Type,Expected Data Element,Business Definition
Form ADV,Item 1,1.A,"Your full legal name (if you are a sole proprietor, your last, first, and middle names):",Text,Full Legal Name,"The complete legal name of the adviser, including the last, first, and middle names for sole proprietors."
Form ADV,Item 1,1.B(1),"Name under which you primarily conduct your advisory business, if different from Item 1.A.",Text,Business Name,"The name under which the advisory business is primarily conducted, if different from the legal name provided in Item 1.A."
Form ADV,Item 1,1.B(2),"If you are using this Form ADV to register more than one investment adviser under an umbrella registration, check this box.",Checkbox,Umbrella Registration [Yes/No],Indicates whether the Form ADV is being used to register multiple investment advisers under an umbrella registration.
Form ADV,Item 1,1.C,"If this filing is reporting a change in your legal name (Item 1.A.) or primary business name (Item 1.B.(1)), enter the new name and specify whether the name change is of your legal name or your primary business name:",Text,"New Name, Name Change Type [Legal/Business]",The new legal or business name being reported and the type of name change (legal name or business name).
Form ADV,Item 1,1.D(1),"If you are registered with the SEC as an investment adviser, your SEC file number: 801-.",Text,SEC File Number 801,The SEC file number (801-) assigned to the investment adviser registered with the SEC.
Form ADV,Item 1,1.D(2),"If you report to the SEC as an exempt reporting adviser, your SEC file number: 802-.",Text,SEC File Number 802,The SEC file number (802-) assigned to the exempt reporting adviser.
Form ADV,Item 1,1.D(3),"If you have one or more Central Index Key numbers assigned by the SEC ('CIK Numbers'), all of your CIK numbers:.",Text,CIK Numbers,The Central Index Key (CIK) numbers assigned by the SEC to the adviser.
Form ADV,Item 1,1.E(1),"If you have a number ('CRD Number') assigned by the FINRA's CRD system or by the IARD system, your CRD number:.",Text,CRD Number,The Central Registration Depository (CRD) number assigned to the adviser by FINRA or IARD.
Form ADV,Item 1,1.E(2),"If you have additional CRD Numbers, your additional CRD numbers:.",Text,Additional CRD Numbers,Any additional CRD numbers assigned to the adviser.
Form ADV,Item 1,1.F(1),Address (do not use a P.O. Box):,Text,Address,"The physical address of the principal office and place of business of the adviser, not using a P.O. Box."
Form ADV,Item 1,1.F(2),"Days of week that you normally conduct business at your principal office and place of business: Monday - Friday, Other: Normal business hours at this location:","Checkbox, Text","Business Days, Business Hours",The days of the week and the normal business hours during which business is conducted at the principal office and place of business of the adviser.
Form ADV,Item 1,1.F(3),Telephone number at this location: (area code),Text,Telephone Number,The telephone number at the principal office and place of business.
Form ADV,Item 1,1.F(4),"Facsimile number at this location, if any: (area code)",Text,Facsimile Number,"The facsimile (fax) number at the principal office and place of business, if available."
Form ADV,Item 1,1.F(5),"What is the total number of offices, other than your principal office and place of business, at which you conduct investment advisory business as of the end of your most recently completed fiscal year?",Number,Number of Offices,"The total number of offices, excluding the principal office, where investment advisory business is conducted as of the end of the most recent fiscal year."
Form ADV,Item 1,1.G,"Mailing address, if different from your principal office and place of business address: (number and street, city, state/country, zip +4/postal code)",Text,Mailing Address,"The mailing address, if different from the principal office and place of business address."
Form ADV,Item 1,1.H,"If you are a sole proprietor, state your full residence address, if different from your principal office and place of business address in Item 1.F .: (number and street, city, state/country, zip +4/postal code)",Text,Residence Address,"The full residence address of the sole proprietor, if it is different from the principal office and place of business address."
Form ADV,Item 1,1.I,"Do you have one or more websites or accounts on publicly available social media platforms (including, but not limited to, Twitter, Facebook and LinkedIn)? Yes/No",Checkbox,"Websites/Social Media [Yes/No], List of Websites/Social Media","Indicates whether the adviser has any websites or accounts on publicly available social media platforms, and if so, lists those websites and social media accounts."
Form ADV,Item 1,1.J(1),Provide the name and contact information of your Chief Compliance Officer.,Text,"CCO Name, CCO Contact Information",The name and contact information of the Chief Compliance Officer (CCO).
Form ADV,Item 1,1.J(2),"If your Chief Compliance Officer is compensated or employed by any person other than you, a related person or an investment company registered under the Investment Company Act of 1940 that you advise for providing chief compliance officer services to you, provide the person's name and IRS Employer Identification Number (if any):",Text,"CCO Employer Name, CCO Employer EIN","The name and IRS Employer Identification Number (EIN) of the entity compensating or employing the Chief Compliance Officer, other than the adviser."
Form ADV,Item 1,1.K,"Additional Regulatory Contact Person: If a person other than the Chief Compliance Officer is authorized to receive information and respond to questions about this Form ADV, you may provide that information here.",Text,Additional Contact Name and Information,The name and contact information of an additional regulatory contact person authorized to receive information and respond to questions about the Form ADV.
Form ADV,Item 1,1.L,"Do you maintain some or all of the books and records you are required to keep under Section 204 of the Advisers Act, or similar state law, somewhere other than your principal office and place of business? Yes/No",Checkbox,"Books and Records Location [Yes/No], Address","Indicates whether books and records are maintained somewhere other than the principal office and place of business, and if so, provides the address."
Form ADV,Item 1,1.M,Are you registered with a foreign financial regulatory authority? Yes/No,Checkbox,"Foreign Regulatory Registration [Yes/No], Authority Name","Indicates whether the adviser is registered with any foreign financial regulatory authority, and provides the name of the authority if applicable."
Form ADV,Item 1,1.N,Are you a public reporting company under Sections 12 or 15(d) of the Securities Exchange Act of 1934? Yes/No,Checkbox,Public Reporting Company [Yes/No],Indicates whether the adviser is a public reporting company under Sections 12 or 15(d) of the Securities Exchange Act of 1934.
Form ADV,Item 1,1.O,Did you have $1 billion or more in assets on the last day of your most recent fiscal year? Yes/No,Checkbox,Assets > $1 Billion [Yes/No],Indicates whether the adviser had $1 billion or more in assets on the last day of their most recent fiscal year.
Form ADV,Item 1,1.P,Provide your Legal Entity Identifier if you have one:.,Text,Legal Entity Identifier,"The Legal Entity Identifier (LEI) of the adviser, if available."
Form ADV,Item 2,2.A,"To register (or remain registered) with the SEC, you must check at least one of the Items 2.A.(1) through 2.A.(12), below. If you are submitting an annual updating amendment to your SEC registration and you are no longer eligible to register with the SEC, check Item 2.A.(13). Part 1A Instruction 2 provides information to help you determine whether you may affirmatively respond to each of these items.",Checkbox,SEC Registration Eligibility Check,Indicates the basis under which the adviser is eligible to register or remain registered with the SEC.
Form ADV,Item 2,2.A(1)(a),You (the adviser): are a large advisory firm that has regulatory assets under management of $100 million (in U.S. dollars) or more;,Checkbox,"Large Advisory Firm [Yes/No], RAUM Amount",Indicates whether the adviser is a large firm with regulatory assets under management (RAUM) of $100 million or more.
Form ADV,Item 2,2.A(1)(b),You (the adviser): are a large advisory firm that has regulatory assets under management of $90 million (in U.S. dollars) or more at the time of filing its most recent annual updating amendment and is registered with the SEC;,Checkbox,"Large Advisory Firm [Yes/No], RAUM Amount",Indicates whether the adviser is a large firm with regulatory assets under management (RAUM) of $90 million or more at the time of the most recent amendment.
Form ADV,Item 2,2.A(2)(a),You (the adviser): are a mid-sized advisory firm that has regulatory assets under management of $25 million (in U.S. dollars) or more but less than $100 million (in U.S. dollars) and you are not required to be registered as an adviser with the state securities authority of the state where you maintain your principal office and place of business;,Checkbox,"Mid-Sized Advisory Firm [Yes/No], RAUM Amount","Indicates whether the adviser is a mid-sized firm with regulatory assets under management (RAUM) of $25-100 million, not required to register with state authorities."
Form ADV,Item 2,2.A(2)(b),You (the adviser): are a mid-sized advisory firm that has regulatory assets under management of $25 million (in U.S. dollars) or more but less than $100 million (in U.S. dollars) and you are not subject to examination by the state securities authority of the state where you maintain your principal office and place of business;,Checkbox,"Mid-Sized Advisory Firm [Yes/No], RAUM Amount","Indicates whether the adviser is a mid-sized firm with regulatory assets under management (RAUM) of $25-100 million, not subject to state examination."
Form ADV,Item 2,2.A(3),You (the adviser): Reserved;,Checkbox,Reserved,Placeholder for a reserved item with no current use.
Form ADV,Item 2,2.A(4),You (the adviser): have your principal office and place of business outside the United States;,Checkbox,Principal Office Outside USA [Yes/No],Indicates whether the adviser's principal office and place of business are located outside the United States.
Form ADV,Item 2,2.A(5),You (the adviser): are an investment adviser (or subadviser) to an investment company registered under the Investment Company Act of 1940;,Checkbox,Investment Adviser to Registered Investment Company [Yes/No],Indicates whether the adviser or is an investment adviser or subadviser to a company registered under the Investment Company Act of 1940.
Form ADV,Item 2,2.A(6),"You (the adviser): are an investment adviser to a company which has elected to be a business development company pursuant to section 54 of the Investment Company Act of 1940 and has not withdrawn the election, and you have at least $25 million of regulatory assets under management;",Checkbox,Investment Adviser to Business Development Company [Yes/No],Indicates whether the adviser is an investment adviser to a company that elected as a business development company under the Investment Company Act of 1940.
Form ADV,Item 2,2.A(7),"You (the adviser): are a pension consultant with respect to assets of plans having an aggregate value of at least $200,000,000 that qualifies for the exemption in rule 203A-2(a);",Checkbox,"Pension Consultant [Yes/No], Asset Value","Indicates whether the adviser is a pension consultant with assets under management of at least $200 million, qualifying for rule 203A-2(a) exemption."
Form ADV,Item 2,2.A(8),"You (the adviser): are a related adviser under rule 203A-2(b) that controls, is controlled by, or is under common control with, an investment adviser that is registered with the SEC, and your principal office and place of business is the same as the registered adviser. If you check this box, complete Section 2.A.(8) of Schedule D.",Checkbox,"Related Adviser Under 203A-2(b) [Yes/No], Control Type","Indicates whether the adviser is related under rule 203A-2(b), either controlling, being controlled by, or under common control with an SEC-registered adviser."
Form ADV,Item 2,2.A(9),"You (the adviser): are an adviser relying on rule 203A-2(c) because you expect to be eligible for SEC registration within 120 days; If you check this box, complete Section 2.A.(9) of Schedule D.",Checkbox,Adviser Relying on 203A-2(c) [Yes/No],Indicates whether the adviser is relying on rule 203A-2(c) and expects to be eligible for SEC registration within 120 days.
Form ADV,Item 2,2.A(10),"You (the adviser): are a multi-state adviser that is required to register in 15 or more states and is relying on rule 203A-2(d); If you check this box, complete Section 2.A.(10) of Schedule D.",Checkbox,"Multi-State Adviser [Yes/No], Number of States",Indicates whether the adviser is a multi-state adviser required to register in 15 or more states and is relying on rule 203A-2(d).
Form ADV,Item 2,2.A(11),"You (the adviser): are an Internet adviser relying on rule 203A-2(e); If you check this box, complete Section 2.A.(11) of Schedule D.",Checkbox,Internet Adviser [Yes/No],"Indicates whether the adviser is an Internet adviser, relying on rule 203A-2(e)."
Form ADV,Item 2,2.A(12),"You (the adviser): have received an SEC order exempting you from the prohibition against registration with the SEC; If you check this box, complete Section 2.A.(12) of Schedule D.",Checkbox,"SEC Order Exemption [Yes/No], Order Details","Indicates whether the adviser has received an SEC order exempting them from prohibition against registration with the SEC, along with order details."
Form ADV,Item 2,2.A(13),You (the adviser): are no longer eligible to remain registered with the SEC.,Checkbox,No Longer Eligible for SEC Registration [Yes/No],Indicates whether the adviser is no longer eligible to remain registered with the SEC.
Form ADV,Item 2,2.B,Complete this Item 2.B. only if you are reporting to the SEC as an exempt reporting adviser. Check all that apply. You:,N/A,Exempt Reporting Adviser Check,Indicates the adviser's status as an exempt reporting adviser.
Form ADV,Item 2,2.B(1),"You (the adviser): qualify for the exemption from registration as an adviser solely to one or more venture capital funds, as defined in rule 203(l)-1;",Checkbox,Exempt as Adviser to Venture Capital Fund [Yes/No],"Indicates whether the adviser qualifies for exemption as an adviser solely to venture capital funds, defined under rule 203(l)-1."
Form ADV,Item 2,2.B(2),"You (the adviser): qualify for the exemption from registration because you act solely as an adviser to private funds and have assets under management, as defined in rule 203(m)-1, in the United States of less than $150 million;",Checkbox,Exempt as Adviser to Private Funds with < $150M RAUM [Yes/No],Indicates whether the adviser qualifies for exemption as an adviser to private funds with assets under management of less than $150 million.
Form ADV,Item 2,2.B(3),"You (the adviser): act solely as an adviser to private funds but you are no longer eligible to check box 2.B.(2) because you have assets under management, as defined in rule 203(m)-1, in the United States of $150 million or more.",Checkbox,Adviser to Private Funds with $150M+ RAUM [Yes/No],Indicates whether the adviser is no longer eligible for exemption as adviser to private funds due to assets under management of $150 million or more.
Form ADV,Item 2,2.B(4),"If you check box 2.B.(2) or 2.B.(3), complete Section 2.B. of Schedule D.",Checkbox,Complete Section 2.B of Schedule D [Yes/No],Indicates when Section 2.B of Schedule D needs to be completed.
Form ADV,Item 2,2.C,"Under state laws, SEC-registered advisers may be required to provide to state securities authorities a copy of the Form ADV and any amendments they file with the SEC. These are called notice filings. In addition, exempt reporting advisers may be required to provide state securities authorities with a copy of reports and any amendments they file with the SEC. If this is an initial application or report, check the box(es) next to the state(s) that you would like to receive notice of this and all subsequent filings or reports you submit to the SEC. If this is an amendment to direct your notice filings or reports to additional state(s), check the box(es) next to the state(s) that you would like to receive notice of this and all subsequent filings or reports you submit to the SEC. If this is an amendment to your registration to stop your notice filings or reports from going to states that currently receive them, uncheck the box(es) next to those state(s).",N/A,State Notice Filings Check [State Names],"Indicates the states that will receive notice filings or reports based on the adviser's initial application, amendments, or updates."
Form ADV,Item 2,2.C(1),"If you are amending your registration to stop your notice filings or reports from going to a state that currently receives them and you do not want to pay that state’s notice filing or report filing fee for the coming year, your amendment must be filed before the end of the year (December 31).",Checkbox,Amendment for State Notice Filings [State Names],Indicates which states are impacted when amending registrations to stop notice filings or reports and avoid filing fees for the upcoming year.
Form ADV,Item 3,3.A,"How are you organized? (Corporation, Partnership, Other (specify), Sole Proprietorship, Limited Liability Partnership (LLP), Limited Liability Company (LLC), Limited Partnership (LP))",Dropdown/Multiple Choice,Organization Type,The legal structure under which the adviser entity is organized.
Form ADV,Item 3,3.A.Instruction,"If you are changing your response to this item, see Part 1A Instruction 4.",Instruction Text,Organization Change Instruction,Instruction referencing where to find more information if organization type changes.
Form ADV,Item 3,3.B,In what month does your fiscal year end each year?,Dropdown,Fiscal Year End Month,The specific month in which the adviser's fiscal year concludes annually.
Form ADV,Item 3,3.C,Under the laws of what state or country are you organized?,Dropdown/Multiple Choice,State/Country of Organization,The state or country legislation under which the advisory entity is officially formed.
Form ADV,Item 3,3.C.Partnership,"If you are a partnership, provide the name of the state or country under whose laws your partnership was formed.",Text,Partnership Formation Location,The state or country under whose legal jurisdiction the partnership organization was established.
Form ADV,Item 3,3.C.SoleProprietor,"If you are a sole proprietor, provide the name of the state or country where you reside.",Text,Sole Proprietor Residence Location,The state or country in which a sole proprietor resides.
Form ADV,Item 3,3.C.Instruction,"If you are changing your response to this item, see Part 1A Instruction 4.",Instruction Text,Organization Change Instruction,Instruction on where to find details when updating the organizational information.
Form ADV,Item 4,4.A,"Are you, at the time of this filing, succeeding to the business of a registered investment adviser, including, for example, a change of your structure or legal status (e.g., form of organization or state of incorporation)? (Yes/No)",Radio Button,Successor to Business [Yes/No],"Whether the adviser is succeeding to an already registered advisory business, leading to entity structure or legal modifications."
Form ADV,Item 4,4.A.Instruction,"If ""yes,"" complete Item 4.B. and Section 4 of Schedule D.",Instruction Text,Successor Instruction,Guidance to provide additional forms and sections if succeeding another registered advisory business.
Form ADV,Item 4,4.B,Date of Succession: (mm/dd/yyyy),Date Picker,Succession Date (MM/DD/YYYY),The date on which succession or transfer of business from the predecessor to the current adviser occurred.
Form ADV,Item 4,4.B.Instruction,"If you have already reported this succession on a previous Form ADV filing, do not report the succession again. Instead, check ""No."" See Part 1A Instruction 4.",Instruction Text,Succession Reporting Instruction,"Instructions on avoiding redundancy in successive reporting if previously documented, with reference to the guidance."
Form ADV,Item 5,5.A,Approximately how many employees do you have? Include full- and part-time employees but do not include any clerical workers.,Number,Number of Employees,The total count of full- and part-time employees excluding clerical workers.
Form ADV,Item 5,5.B(1),Approximately how many of the employees reported in 5.A. perform investment advisory functions (including research)?,Number,Advisory Function Employees,"Number of employees performing investment advisory functions, including research, out of the total employees reported in 5.A."
Form ADV,Item 5,5.B(2),Approximately how many of the employees reported in 5.A. are registered representatives of a broker-dealer?,Number,Registered Representatives of Broker-Dealer,Number of employees registered as representatives of a broker-dealer among the employees reported in 5.A.
Form ADV,Item 5,5.B(3),Approximately how many of the employees reported in 5.A. are registered with one or more state securities authorities as investment adviser representatives?,Number,State-Registered Investment Adviser Representatives,Number of employees registered with one or more state securities authorities as investment adviser representatives among the employees reported in 5.A.
Form ADV,Item 5,5.B(4),Approximately how many of the employees reported in 5.A. are registered with one or more state securities authorities as investment adviser representatives for an investment adviser other than you?,Number,State-Registered Representatives for Other Advisers,Number of employees registered with state securities authorities as investment adviser representatives for an adviser other than the reporting adviser.
Form ADV,Item 5,5.B(5),Approximately how many of the employees reported in 5.A. are licensed agents of an insurance company or agency?,Number,Licensed Insurance Agents,Number of employees who are licensed agents of an insurance company or agency among the employees reported in 5.A.
Form ADV,Item 5,5.B(6),Approximately how many firms or other persons solicit advisory clients on your behalf?,Number,Firms/Persons Soliciting Clients,Number of firms or other persons that solicit advisory clients on behalf of the adviser (excluding employees).
Form ADV,Item 5,5.C(1),To approximately how many clients for whom you do not have regulatory assets under management did you provide investment advisory services during your most recently completed fiscal year?,Number,Advisory Clients Without Regulatory AUM,Number of clients who received investment advisory services but for whom the adviser does not have regulatory assets under management during the most recent fiscal year.
Form ADV,Item 5,5.C(2),Approximately what percentage of your clients are non-United States persons? %,Percentage,Percentage of Non-United States Clients,Percentage of the total client base that consists of non-United States persons.
Form ADV,Item 5,5.D,Indicate the approximate number of your clients and amount of your total regulatory assets under management (reported in Item 5.F. below) attributable to each of the following type of client. [See detailed types below],,,
Form ADV,Item 5,5.D.Type,Type of Client (a) Individuals (other than high net worth individuals),Text,Client Type Individuals,"Type of clients receiving advisory services, starting with individuals other than high net worth individuals."
Form ADV,Item 5,5.D(1),Number of Client(s) (a),Number,Number of Clients,Number of clients in each client type classification.
Form ADV,Item 5,5.D(2),Fewer than 5 Clients,Checkbox,Clients <5 Indicator,Indicator if there are fewer than 5 clients in a specific client type.
Form ADV,Item 5,5.D(3),Amount of Regulatory Assets under Management (a),Currency,Regulatory AUM,Amount of regulatory assets under management for each type of client classification.
Form ADV,Item 5,5.E,You are compensated for your investment advisory services by (check all that apply):,Checkbox,Compensation Methods [Multiple values],Methods through which the adviser is compensated for providing investment advisory services.
Form ADV,Item 5,5.E(1),A percentage of assets under your management,Checkbox,Percentage of AUM Fees,Indicates compensation by percentage of assets under management.
Form ADV,Item 5,5.E(2),Hourly charges,Checkbox,Hourly Charges Fees,Indicates compensation by hourly charges.
Form ADV,Item 5,5.E(3),Subscription fees (for a newsletter or periodical),Checkbox,Subscription Fees,Indicates compensation by subscription fees for newsletters or periodicals.
Form ADV,Item 5,5.E(4),Fixed fees (other than subscription fees),Checkbox,Fixed Fees,Indicates compensation by fixed fees (excluding subscription fees).
Form ADV,Item 5,5.E(5),Commissions,Checkbox,Commissions,Indicates compensation by commissions received.
Form ADV,Item 5,5.E(6),Performance-based fees,Checkbox,Performance-Based Fees,Indicates compensation by performance-based fees.
Form ADV,Item 5,5.E(7),Other (specify):,"Checkbox, Text","Other Compensation Methods, specify",Indicates other compensation methods along with specific details if applicable.
Form ADV,Item 5,5.F(1),Do you provide continuous and regular supervisory or management services to securities portfolios? (Yes/No),Checkbox,Supervisory/Management Services [Yes/No],Indicates whether the adviser provides continuous and regular supervisory or management services to securities portfolios.
Form ADV,Item 5,5.F(2),"If yes, what is the amount of your regulatory assets under management and total number of accounts?","Currency, Number",Regulatory AUM and Accounts,The specific amount of regulatory assets under management and the total number of accounts if the adviser provides continuous and regular supervisory or management services.
Form ADV,Item 5,5.F(2)(a),Discretionary: $ and Total Number of Accounts,"Currency, Number",Discretionary AUM and Accounts,Total amount of discretionary regulatory assets under management and number of related accounts.
Form ADV,Item 5,5.F(2)(b),Non-Discretionary: $ and Total Number of Accounts,"Currency, Number",Non-Discretionary AUM and Accounts,Total amount of non-discretionary regulatory assets under management and number of related accounts.
Form ADV,Item 5,5.F(2)(c),Total: $ and Total Number of Accounts,"Currency, Number",Total AUM and Accounts,Total amount of both discretionary and non-discretionary regulatory assets under management and number of related accounts.
Form ADV,Item 5,5.F(3),What is the approximate amount of your total regulatory assets under management (reported in Item 5.F.(2)(c) above) attributable to clients who are non-United States persons?,Currency,AUM from Non-United States Clients,Approximate amount of regulatory assets under management attributable to clients who are non-United States persons.
Form ADV,Item 5,5.G,What type(s) of advisory services do you provide? (Check all that apply),Checkbox,Types of Advisory Services [Multiple values],The specific types of advisory services that the adviser provides.
Form ADV,Item 5,5.G(1),Financial planning services,Checkbox,Financial Planning Services [Yes/No],Indicates whether financial planning services are provided.
Form ADV,Item 5,5.G(2),Portfolio management for individuals and/or small businesses,Checkbox,Portfolio Management for Individuals/Small Businesses [Yes/No],Indicates whether portfolio management services are provided for individuals and/or small businesses.
Form ADV,Item 5,5.G(3),Portfolio management for investment companies (as well as 'business development companies' that have made an election pursuant to section 54 of the Investment Company Act of 1940),Checkbox,Portfolio Management for Investment Companies [Yes/No],Indicates whether portfolio management services are provided for investment companies and business development companies.
Form ADV,Item 5,5.G(4),Portfolio management for pooled investment vehicles (other than investment companies),Checkbox,Portfolio Management for Pooled Investment Vehicles [Yes/No],Indicates whether portfolio management services are provided for pooled investment vehicles other than investment companies.
Form ADV,Item 5,5.G(5),Portfolio management for businesses (other than small businesses) or institutional clients (other than registered investment companies and other pooled investment vehicles),Checkbox,Portfolio Management for Businesses/Institutional Clients [Yes/No],Indicates whether portfolio management services are provided for businesses other than small businesses or institutional clients.
Form ADV,Item 5,5.G(6),Pension consulting services,Checkbox,Pension Consulting Services [Yes/No],Indicates whether pension consulting services are provided.
Form ADV,Item 5,5.G(7),Selection of other advisers (including private fund managers),Checkbox,Selection of Other Advisers [Yes/No],Indicates whether services include the selection of other advisers (including private fund managers).
Form ADV,Item 5,5.G(8),Publication of periodicals or newsletters,Checkbox,Publication of Periodicals/Newsletters [Yes/No],Indicates whether the adviser publishes periodicals or newsletters.
Form ADV,Item 5,5.G(9),Security ratings or pricing services,Checkbox,Security Ratings/Pricing Services [Yes/No],Indicates whether the adviser provides security ratings or pricing services.
Form ADV,Item 5,5.G(10),Market timing services,Checkbox,Market Timing Services [Yes/No],Indicates whether market timing services are provided.
Form ADV,Item 5,5.G(11),Educational seminars/workshops,Checkbox,Educational Seminars/Workshops [Yes/No],Indicates whether the adviser conducts educational seminars or workshops.
Form ADV,Item 5,5.G(12),Other (specify):,"Checkbox, Text","Other Services, specify","Indicates other advisory services provided, with specific details if applicable."
Form ADV,Item 5,5.H,"If you provide financial planning services, to how many clients did you provide these services during your last fiscal year?",Dropdown,Financial Planning Clients,The number of clients who received financial planning services during the adviser's last fiscal year.
Form ADV,Item 5,5.H.Options,"Select: 0, 1-10, 11-25, 26-50, 51-100, 101-250, 251-500, More than 500 (specify how many if more than 500)",Dropdown,Financial Planning Clients Selections,Options to specify the range of clients receiving financial planning services.
Form ADV,Item 5,5.I(1),Do you participate in a wrap fee program? (Yes/No),Checkbox,Wrap Fee Program Participation [Yes/No],Indicates whether the adviser participates in a wrap fee program.
Form ADV,Item 5,5.I(2),"If you participate in a wrap fee program, what is the amount of your regulatory assets under management attributable to acting as:",,,
Form ADV,Item 5,5.I(2)(a),sponsor to a wrap fee program $,Currency,AUM as Wrap Fee Program Sponsor,Amount of regulatory assets under management attributable to acting as a sponsor to a wrap fee program.
Form ADV,Item 5,5.I(2)(b),portfolio manager for a wrap fee program? $,Currency,AUM as Wrap Fee Program Portfolio Manager,Amount of regulatory assets under management attributable to acting as a portfolio manager for a wrap fee program.
Form ADV,Item 5,5.I(2)(c),sponsor to and portfolio manager for the same wrap fee program? $,Currency,AUM as Wrap Fee Program Sponsor & Portfolio Manager,Amount of regulatory assets under management attributable to acting as both a sponsor and portfolio manager for the same wrap fee program.
Form ADV,Item 5,5.J(1),"In response to Item 4.B. of Part 2A of Form ADV, do you indicate that you provide investment advice only with respect to limited types of investments? (Yes/No)",Checkbox,Limited Investment Advice [Yes/No],Indicates whether the adviser provides investment advice only with respect to limited types of investments.
Form ADV,Item 5,5.J(2),Do you report client assets in Item 4.E. of Part 2A that are computed using a different method than the method used to compute your regulatory assets under management? (Yes/No),Checkbox,Different Client Asset Computation Method [Yes/No],Indicates whether the client assets are computed using a different methodology than the one used for regulatory assets under management.
Form ADV,Item 5,5.K(1),Do you have regulatory assets under management attributable to clients other than those listed in Item 5.D.(3)(d)-(f) (separately managed account clients)? (Yes/No),Checkbox,SMA Clients with Regulatory AUM [Yes/No],Indicates whether there are regulatory assets under management attributed to separately managed account clients not listed in Item 5.D.(3)(d)-(f).
Form ADV,Item 5,5.K(2),Do you engage in borrowing transactions on behalf of any of the separately managed account clients that you advise? (Yes/No),Checkbox,Borrowing Transactions for SMA Clients [Yes/No],Indicates whether the adviser engages in borrowing transactions on behalf of any separately managed account clients.
Form ADV,Item 5,5.K(3),Do you engage in derivative transactions on behalf of any of the separately managed account clients that you advise? (Yes/No),Checkbox,Derivative Transactions for SMA Clients [Yes/No],Indicates whether the adviser engages in derivative transactions on behalf of any separately managed account clients.
Form ADV,Item 5,5.K(4),Does any custodian hold ten percent or more of the remaining amount of regulatory assets under management after subtracting items in Item 5.D.(3)(d)-(f)? (Yes/No),Checkbox,Custodians Holding ≥10% AUM [Yes/No],Indicates whether any custodian holds ten percent or more of the remaining regulatory assets after subtracting amounts listed in Item 5.D.(3)(d)-(f).
Form ADV,Item 5,5.L(1),Do any of your advertisements include:,Checkbox,Advertisement Elements [Multiple values],Elements included in advertisements published by the adviser.
Form ADV,Item 5,5.L(1)(a),Performance results? (Yes/No),Checkbox,Performance Results in Ads [Yes/No],Indicates whether performance results are included in advertisements.
Form ADV,Item 5,5.L(1)(b),A reference to specific investment advice provided by you? (Yes/No),Checkbox,Specific Investment Advice in Ads [Yes/No],Indicates whether specific investment advice is referenced in advertisements.
Form ADV,Item 5,5.L(1)(c),Testimonials (other than those that satisfy rule 206(4)-1(b)(4)(ii))? (Yes/No),Checkbox,Testimonials in Ads [Yes/No],"Indicates whether testimonials, excluding those satisfying rule 206(4)-1(b)(4)(ii), are included in advertisements."
Form ADV,Item 5,5.L(1)(d),Endorsements (other than those that satisfy rule 206(4)-1(b)(4)(ii))? (Yes/No),Checkbox,Endorsements in Ads [Yes/No],"Indicates whether endorsements, excluding those satisfying rule 206(4)-1(b)(4)(ii), are included in advertisements."
Form ADV,Item 5,5.L(1)(e),Third-party ratings? (Yes/No),Checkbox,Third-Party Ratings in Ads [Yes/No],Indicates whether third-party ratings are included in advertisements.
Form ADV,Item 5,5.L(2),"If you answer 'yes' to 5.L(1)(c), (d), or (e) above, do you pay or provide cash or non-cash compensation for the use of testimonials, endorsements, or third-party ratings? (Yes/No)",Checkbox,Compensation for Testimonials/Endorsements/Ratings [Yes/No],"Indicates whether compensation is provided for the use of testimonials, endorsements, or third-party ratings."
Form ADV,Item 5,5.L(3),Do any of your advertisements include hypothetical performance? (Yes/No),Checkbox,Hypothetical Performance in Ads [Yes/No],Indicates whether hypothetical performance metrics are included in advertisements.
Form ADV,Item 5,5.L(4),Do any of your advertisements include predecessor performance? (Yes/No),Checkbox,Predecessor Performance in Ads [Yes/No],Indicates whether predecessor performance metrics are included in advertisements.
Form ADV,Item 6,6.A,You are actively engaged in business as a (check all that apply):,Checkbox,Business Activities [Multiple Values],The types of business activities in which the adviser is actively engaged.
Form ADV,Item 6,6.A(1),broker-dealer (registered or unregistered),Checkbox,Business as Broker-Dealer [Yes/No],"Indicates whether the firm is actively engaged as a broker-dealer, regardless of registration status."
Form ADV,Item 6,6.A(2),registered representative of a broker-dealer,Checkbox,Registered Representative of Broker-Dealer [Yes/No],Indicates whether the firm has registered representatives of a broker-dealer actively engaged in business.
Form ADV,Item 6,6.A(3),commodity pool operator or commodity trading advisor (whether registered or exempt from registration),Checkbox,Commodity Pool Operator/Advisor [Yes/No],"Indicates whether the firm is actively engaged as a commodity pool operator or commodity trading advisor, registered or exempt."
Form ADV,Item 6,6.A(4),futures commission merchant,Checkbox,Futures Commission Merchant [Yes/No],Indicates whether the firm is actively engaged as a futures commission merchant.
Form ADV,Item 6,6.A(5),"real estate broker, dealer, or agent",Checkbox,Real Estate Broker/Dealer/Agent [Yes/No],"Indicates whether the firm is actively engaged as a real estate broker, dealer, or agent."
Form ADV,Item 6,6.A(6),insurance broker or agent,Checkbox,Insurance Broker/Agent [Yes/No],Indicates whether the firm is actively engaged as an insurance broker or agent.
Form ADV,Item 6,6.A(7),bank (including a separately identifiable department or division of a bank),Checkbox,Bank [Yes/No],Indicates whether the firm is actively engaged as a bank or a separately identifiable department or division of a bank.
Form ADV,Item 6,6.A(8),trust company,Checkbox,Trust Company [Yes/No],Indicates whether the firm is actively engaged as a trust company.
Form ADV,Item 6,6.A(9),registered municipal advisor,Checkbox,Municipal Advisor [Yes/No],Indicates whether the firm is actively engaged as a registered municipal advisor.
Form ADV,Item 6,6.A(10),registered security-based swap dealer,Checkbox,Security-Based Swap Dealer [Yes/No],Indicates whether the firm is actively engaged as a registered security-based swap dealer.
Form ADV,Item 6,6.A(11),major security-based swap participant,Checkbox,Major Security-Based Swap Participant [Yes/No],Indicates whether the firm is actively engaged as a major security-based swap participant.
Form ADV,Item 6,6.A(12),accountant or accounting firm,Checkbox,Accountant/Accounting Firm [Yes/No],Indicates whether the firm is actively engaged as an accountant or accounting firm.
Form ADV,Item 6,6.A(13),lawyer or law firm,Checkbox,Lawyer/Law Firm [Yes/No],Indicates whether the firm is actively engaged as a lawyer or law firm.
Form ADV,Item 6,6.A(14),other financial product salesperson (specify):,"Checkbox, Text","Other Financial Product Salesperson [Yes/No], Specify Sales Activity","Indicates whether the firm is actively engaged as another type of financial product salesperson, with specifics."
Form ADV,Item 6,6.A.Detail,"If you engage in other business using a name that is different from the names reported in Items 1.A. or 1.B.(1), complete Section 6.A. of Schedule D.","Text, Text","Different Business Name [Yes/No], Other Business Name, Business Activity","Indicates whether the firm uses a different name for other business activities, specifying the alternative name and business activity."
Form ADV,Item 6,6.B(1),Are you actively engaged in any other business not listed in Item 6.A. (other than giving investment advice)? (Yes/No),Checkbox,Other Business Activities [Yes/No],"Indicates whether the firm is actively engaged in other business activities not listed above, excluding investment advice."
Form ADV,Item 6,6.B(2),"If yes, is this other business your primary business? (Yes/No)",Checkbox,Primary Other Business [Yes/No],Indicates whether this other business activity is the firm’s primary business.
Form ADV,Item 6,6.B(2).Detail,"If 'yes,' describe this other business on Section 6.B.(2) of Schedule D, and if you engage in this business under a different name, provide that name.","Text, Text","Primary Business Description, Other Business Name","Description and, if applicable, name under which the firm engages in its primary business activity other than investment advice."
Form ADV,Item 6,6.B(3),Do you sell products or provide services other than investment advice to your advisory clients? (Yes/No),Checkbox,Sell Non-Advisory Products/Services [Yes/No],Indicates whether the firm sells products or services other than investment advice to its advisory clients.
Form ADV,Item 6,6.B(3).Detail,"If 'yes,' describe this other business on Section 6.B.(3) of Schedule D, and if you engage in this business under a different name, provide that name.","Text, Text","Other Products/Services Description, Different Business Name","Description of other products or services provided, and if applicable, the name used for these business activities."
Form ADV,Item 7,7.A,"This part of Item 7 requires you to provide information about you and your related persons, including foreign affiliates. Your related persons are all of your advisory affiliates and any person that is under common control with you.",Checkbox,,
Form ADV,Item 7,7.A.Detail,You have a related person that is a (check all that apply):,,Related Person Activities [Multiple Values],Types of activities engaged in by related persons or entities under common control.
Form ADV,Item 7,7.A(1),"broker-dealer, municipal securities dealer, or government securities broker or dealer (registered or unregistered)",Checkbox,Related Person Broker-Dealer [Yes/No],"Indicates whether the related person is a broker-dealer, municipal securities dealer, or government securities broker or dealer, regardless of registration status."
Form ADV,Item 7,7.A(2),other investment adviser (including financial planners),Checkbox,Related Person Investment Adviser [Yes/No],"Indicates whether the related person is another investment adviser, including financial planners."
Form ADV,Item 7,7.A(3),registered municipal advisor,Checkbox,Related Person Municipal Advisor [Yes/No],Indicates whether the related person is a registered municipal advisor.
Form ADV,Item 7,7.A(4),registered security-based swap dealer,Checkbox,Related Person Security-Based Swap Dealer [Yes/No],Indicates whether the related person is a registered security-based swap dealer.
Form ADV,Item 7,7.A(5),major security-based swap participant,Checkbox,Related Person Security-Based Swap Participant [Yes/No],Indicates whether the related person is a major security-based swap participant.
Form ADV,Item 7,7.A(6),commodity pool operator or commodity trading advisor (whether registered or exempt from registration),Checkbox,Related Person Commodity Pool Operator/Advisor [Yes/No],"Indicates whether the related person is a commodity pool operator or commodity trading advisor, regardless of registration status."
Form ADV,Item 7,7.A(7),futures commission merchant,Checkbox,Related Person Futures Commission Merchant [Yes/No],Indicates whether the related person is a futures commission merchant.
Form ADV,Item 7,7.A(8),banking or thrift institution,Checkbox,Related Person Banking or Thrift Institution [Yes/No],Indicates whether the related person is a banking or thrift institution.
Form ADV,Item 7,7.A(9),trust company,Checkbox,Related Person Trust Company [Yes/No],Indicates whether the related person is a trust company.
Form ADV,Item 7,7.A(10),accountant or accounting firm,Checkbox,Related Person Accounting Firm [Yes/No],Indicates whether the related person is an accountant or accounting firm.
Form ADV,Item 7,7.A(11),lawyer or law firm,Checkbox,Related Person Lawyer/Law Firm [Yes/No],Indicates whether the related person is a lawyer or law firm.
Form ADV,Item 7,7.A(12),insurance company or agency,Checkbox,Related Person Insurance Company/Agency [Yes/No],Indicates whether the related person is an insurance company or agency.
Form ADV,Item 7,7.A(13),pension consultant,Checkbox,Related Person Pension Consultant [Yes/No],Indicates whether the related person is a pension consultant.
Form ADV,Item 7,7.A(14),real estate broker or dealer,Checkbox,Related Person Real Estate Broker/Dealer [Yes/No],Indicates whether the related person is a real estate broker or dealer.
Form ADV,Item 7,7.A(15),"sponsor or syndicator of limited partnerships (or equivalent), excluding pooled investment vehicles",Checkbox,Related Person Sponsor/Syndicator [Yes/No],"Indicates whether the related person is a sponsor or syndicator of limited partnerships or equivalent, excluding pooled investment vehicles."
Form ADV,Item 7,7.A(16),"sponsor, general partner, managing member (or equivalent) of pooled investment vehicles",Checkbox,Related Person Sponsor/General Partner [Yes/No],"Indicates whether the related person is a sponsor, general partner, or managing member of pooled investment vehicles."
Form ADV,Item 7,7.B,Are you an adviser to any private fund? (Yes/No),Checkbox,Adviser to Private Fund [Yes/No],Indicates whether the firm advises any private funds.
Form ADV,Item 8,8.A,Do you or any related person: (Yes/No),Checkbox,Proprietary Interest in Client Transactions [Yes/No],Indicates if the adviser or related persons have proprietary interests in client transactions.
Form ADV,Item 8,8.A(1),"buy securities for yourself from advisory clients, or sell securities you own to advisory clients (principal transactions)?",Checkbox,Principal Transactions [Yes/No],"Indicates whether the adviser buys securities for themselves from advisory clients, or sells securities they own to advisory clients, known as principal transactions."
Form ADV,Item 8,8.A(2),buy or sell for yourself securities (other than shares of mutual funds) that you also recommend to advisory clients?,Checkbox,Personal Securities Transactions [Yes/No],Indicates whether the adviser buys or sells for themselves securities that they also recommend to advisory clients.
Form ADV,Item 8,8.A(3),recommend securities (or other investment products) to advisory clients in which you or any related person has some other proprietary (ownership) interest (other than those mentioned in Items 8.A.(1) or (2))?,Checkbox,Proprietary Interest Recommendations [Yes/No],Indicates whether the adviser recommends securities or other investment products in which the adviser or any related person has a proprietary interest.
Form ADV,Item 8,8.B,Do you or any related person: (Yes/No),Checkbox,Sales Interest in Client Transactions [Yes/No],Indicates if the adviser or related persons have sales interests in client transactions.
Form ADV,Item 8,8.B(1),"as a broker-dealer or registered representative of a broker-dealer, execute securities trades for brokerage customers in which advisory client securities are sold to or bought from the brokerage customer (agency cross transactions)?",Checkbox,Agency Cross Transactions [Yes/No],"Indicates whether the adviser, as a broker-dealer or registered representative, executes securities trades for brokerage customers in which advisory client securities are involved."
Form ADV,Item 8,8.B(2),"recommend to advisory clients, or act as a purchaser representative for advisory clients with respect to, the purchase of securities for which you or any related person serves as underwriter or general or managing partner?",Checkbox,Underwriter/General Partner Recommendations [Yes/No],Indicates whether the adviser recommends or acts on behalf of advisory clients to purchase securities for which the adviser or related persons serve as underwriter/managing partner.
Form ADV,Item 8,8.B(3),recommend purchase or sale of securities to advisory clients for which you or any related person has any other sales interest (other than the receipt of sales commissions as a broker or registered representative of a broker-dealer)?,Checkbox,Sales Interest Recommendations [Yes/No],Indicates whether the adviser recommends the purchase or sale of securities to advisory clients where there is another sales interest besides receiving sales commissions.
Form ADV,Item 8,8.C,Do you or any related person have discretionary authority to determine the: (Yes/No),Checkbox,Discretionary Authority on Client Transactions [Yes/No],Indicates if the adviser or related persons have discretionary authority over specifying client transactions.
Form ADV,Item 8,8.C(1),securities to be bought or sold for a client's account?,Checkbox,Discretionary Authority on Securities [Yes/No],Indicates if the adviser or related persons possess discretionary authority to decide which securities are bought or sold for client accounts.
Form ADV,Item 8,8.C(2),amount of securities to be bought or sold for a client's account?,Checkbox,Discretionary Authority on Amounts [Yes/No],Indicates if the adviser or related persons have discretionary power to determine the quantity of securities bought or sold for client accounts.
Form ADV,Item 8,8.C(3),broker or dealer to be used for a purchase or sale of securities for a client's account?,Checkbox,Discretionary Broker/Dealer Selection [Yes/No],Indicates if the adviser or related persons hold discretionary authority to select the broker or dealer for client securities transactions.
Form ADV,Item 8,8.C(4),commission rates to be paid to a broker or dealer for a client's securities transactions?,Checkbox,Discretionary Commission Rates [Yes/No],Indicates if the adviser or related persons exercise discretionary authority regarding commission rates paid to brokers or dealers for client transactions.
Form ADV,Item 8,8.D,"If you answer 'yes' to Item 8.C.(3), are any of the brokers or dealers related persons? (Yes/No)",Checkbox,Related Broker/Dealer Selection [Yes/No],Indicates whether brokers or dealers selected with discretionary authority are related persons.
Form ADV,Item 8,8.E,Do you or any related person recommend brokers or dealers to clients? (Yes/No),Checkbox,Broker/Dealer Recommendations [Yes/No],Indicates whether the adviser or related persons recommend brokers or dealers to clients.
Form ADV,Item 8,8.F,"If you answer 'yes' to Item 8.E, are any of the brokers or dealers related persons? (Yes/No)",Checkbox,Related Broker/Dealer Recommendations [Yes/No],Indicates whether the recommended brokers or dealers include related persons.
Form ADV,Item 8,8.G,Do you or any related person receive research or other products or services other than execution from a broker-dealer or a third party ('soft dollar benefits') in connection with client securities transactions? (Yes/No),Checkbox,Receipt of Soft Dollar Benefits [Yes/No],Indicates whether the adviser or related persons receive research or other services aside from execution (soft dollar benefits) from broker-dealers or third parties.
Form ADV,Item 8,8.G(2),"If 'yes' to Item 8.G(1), are all the 'soft dollar benefits' you or any related persons receive eligible 'research or brokerage services' under section 28(e) of the Securities Exchange Act of 1934? (Yes/No)",Checkbox,Eligible Soft Dollar Benefits [Yes/No],"Indicates whether the ""soft dollar benefits"" received are eligible ""research or brokerage services"" as defined by section 28(e) of the Securities Exchange Act of 1934."
Form ADV,Item 8,8.H(1),"Do you or any related person, directly or indirectly, compensate any person that is not an employee for client referrals? (Yes/No)",Checkbox,Compensation for Client Referrals [Yes/No],Indicates whether the adviser or any related person provides compensation to any non-employee for client referrals.
Form ADV,Item 8,8.H(2),"Do you or any related person, directly or indirectly, provide any employee compensation that is specifically related to obtaining clients for the firm (cash or non-cash compensation in addition to the employee's regular salary)? (Yes/No)",Checkbox,Employee Compensation for Obtaining Clients [Yes/No],Indicates whether the adviser or related persons provide additional compensation to employees specifically for obtaining clients for the firm.
Form ADV,Item 8,8.I,"Do you or any related person, including any employee, directly or indirectly, receive compensation from any person (other than you or any related person) for client referrals? (Yes/No)",Checkbox,Compensation from Client Referrals [Yes/No],"Indicates whether the adviser or any related person, including employees, receives compensation from any person other than the adviser or related persons for client referrals."
Form ADV,Item 8,8.I.Detail,"In your response to Item 8.I., do not include the regular salary you pay to an employee.",Instruction Text,Exclude Regular Salary [Yes/No],Indicates that the response should exclude the regular salary paid to an employee when considering compensation from client referrals.
Form ADV,Item 8,8.H/I.Detail,"In responding to Items 8.H and 8.I, consider all cash and non-cash compensation that you or a related person gave to (in answering Item 8.H.) or received from (in answering Item 8.I.) any person in exchange for client referrals, including any bonus that is based, at least in part, on the number or amount of client referrals.",Instruction Text,Referrals Compensation Consideration,"Indicates that responses to Items 8.H and 8.I should include all forms of cash and non-cash compensation related to client referrals, including bonuses."
Form ADV,Item 9,9.A,Do you have custody of any advisory clients': (Yes/No),Checkbox,Adviser Custody of Client Assets [Yes/No],Indicates whether the adviser has custody of any advisory clients' assets.
Form ADV,Item 9,9.A(1)(a),cash or bank accounts?,Checkbox,Custody of Cash or Bank Accounts [Yes/No],Indicates whether the adviser has custody of clients' cash or bank accounts.
Form ADV,Item 9,9.A(1)(b),securities?,Checkbox,Custody of Securities [Yes/No],Indicates whether the adviser has custody of clients' securities.
Form ADV,Item 9,9.A(2),"If you checked 'yes' to Item 9.A(1)(a) or (b), what is the approximate amount of client funds and securities and the total number of clients for which you have custody:",,,
Form ADV,Item 9,9.A(2)(a),U.S. Dollar Amount,Currency,Custody Amount – Client Funds and Securities ($),The approximate amount of client funds and securities in U.S. dollars for which the adviser has custody.
Form ADV,Item 9,9.A(2)(b),Total Number of Clients,Number,Custody – Total Number of Clients,The total number of clients for which the adviser has custody of client funds and securities.
Form ADV,Item 9,9.B,"In connection with advisory services you provide to clients, do any of your related persons have custody of any of your advisory clients': (Yes/No)",Checkbox,Related Persons Custody of Client Assets [Yes/No],Indicates whether related persons have custody of any advisory clients' assets in connection with advisory services.
Form ADV,Item 9,9.B(1)(a),cash or bank accounts?,Checkbox,Related Persons Custody of Cash or Bank Accounts [Yes/No],Indicates whether related persons have custody of clients' cash or bank accounts.
Form ADV,Item 9,9.B(1)(b),securities?,Checkbox,Related Persons Custody of Securities [Yes/No],Indicates whether related persons have custody of clients' securities.
Form ADV,Item 9,9.B(2),"If you checked 'yes' to Item 9.B(1)(a) or (b), what is the approximate amount of client funds and securities and the total number of clients for which your related persons have custody:",,,
Form ADV,Item 9,9.B(2)(a),U.S. Dollar Amount,Currency,Related Persons Custody Amount ($),The approximate amount of client funds and securities in U.S. dollars for which related persons have custody.
Form ADV,Item 9,9.B(2)(b),Total Number of Clients,Number,Related Persons Custody – Total Number of Clients,The total number of clients for which related persons have custody of client funds and securities.
Form ADV,Item 9,9.C,"If you or your related persons have custody of client funds or securities in connection with advisory services you provide to clients, check all the following that apply:",Checkbox,Custody Arrangements [Multiple Values],Indicates the applicable custody arrangements if the adviser or related persons have custody of client funds or securities.
Form ADV,Item 9,9.C(1),A qualified custodian(s) sends account statements at least quarterly to the investors in the pooled investment vehicle(s) you manage.,Checkbox,Qualified Custodian Sends Account Statements [Yes/No],Indicates whether a qualified custodian sends account statements at least quarterly to the investors in the pooled investment vehicle(s) managed by the adviser.
Form ADV,Item 9,9.C(2),An independent public accountant audits annually the pooled investment vehicle(s) that you manage and the audited financial statements are distributed to the investors in the pools.,Checkbox,Annual Audit by Independent Public Accountant [Yes/No],Indicates whether an independent public accountant audits the pooled investment vehicle(s) annually and distributes the audited financial statements to the investors.
Form ADV,Item 9,9.C(3),An independent public accountant conducts an annual surprise examination of client funds and securities.,Checkbox,Annual Surprise Examination [Yes/No],Indicates whether an independent public accountant conducts an annual surprise examination of client funds and securities.
Form ADV,Item 9,9.C(4),An independent public accountant prepares an internal control report with respect to custodial services when you or your related persons are qualified custodians for client funds and securities.,Checkbox,Internal Control Report [Yes/No],Indicates whether an independent public accountant prepares an internal control report concerning custodial services when you or related persons are qualified custodians.
Form ADV,Item 9,9.D,Do you or your related person(s) act as qualified custodians for your clients in connection with advisory services you provide to clients? (Yes/No),Checkbox,Acting as Qualified Custodians [Yes/No],Indicates whether the adviser or related persons act as qualified custodians for clients in connection with advisory services.
Form ADV,Item 9,9.D(1),you act as a qualified custodian,Checkbox,Adviser Acts as Qualified Custodian [Yes/No],Indicates whether the adviser acts as a qualified custodian.
Form ADV,Item 9,9.D(2),your related person(s) act as qualified custodian(s),Checkbox,Related Persons Act as Qualified Custodian [Yes/No],Indicates whether related persons act as qualified custodians.
Form ADV,Item 9,9.E,"If you are filing your annual updating amendment and you were subject to a surprise examination by an independent public accountant during your last fiscal year, provide the date (MM/YYYY) the examination commenced:",Date,Date Surprise Examination Commenced (MM/YYYY),The date (month and year) when the surprise examination by an independent public accountant commenced.
Form ADV,Item 9,9.F,"If you or your related persons have custody of client funds or securities, how many persons, including, but not limited to, you and your related persons, act as qualified custodians for your clients in connection with advisory services you provide to clients?",Number,Number of Qualified Custodians,"The total number of persons, including the adviser and related persons, acting as qualified custodians for clients in connection with advisory services."
Form ADV,Item 10,10.A,"Does any person not named in Item 1.A. or Schedules A, B, or C, directly or indirectly, control your management or policies? (Yes/No)",Checkbox,External Control of Management/Policies [Yes/No],Indicates whether any person not already listed directly or indirectly controls the management or policies of the adviser.
Form ADV,Item 10,10.A.Detail,"If yes, complete Section 10.A. of Schedule D.",Instruction Text,Complete Section 10.A. [Yes/No],Instruction to complete Section 10.A. of Schedule D if there is external control of management or policies.
Form ADV,Item 10,10.B,"If any person named in Schedules A, B, or C or in Section 10.A. of Schedule D is a public reporting company under Sections 12 or 15(d) of the Securities Exchange Act of 1934, please complete Section 10.B. of Schedule D.",Checkbox,Public Reporting Company [Yes/No],"Indicates whether any person listed in Schedules A, B, or C, or Section 10.A. of Schedule D, is a public reporting company under Sections 12 or 15(d) of the Securities Exchange Act of 1934."
Form ADV,Item 11,11,Do any of the events below involve you or any of your supervised persons? (Yes/No),Checkbox,Involvement in Specified Events [Yes/No],Indicates whether the adviser or any supervised persons are involved in any specified regulatory or legal events.
Form ADV,Item 11,11.A,"In the past ten years, have you or any advisory affiliate:",,,
Form ADV,Item 11,11.A(1),"been convicted of or pled guilty or nolo contendere ('no contest') in a domestic, foreign, or military court to any felony?",Checkbox,Convicted/Pled Guilty to Felony [Yes/No],Indicates whether the adviser or any advisory affiliate has been convicted of or pled guilty or nolo contendere ('no contest') to any felony.
Form ADV,Item 11,11.A(2),been charged with any felony?,Checkbox,Charged with Felony [Yes/No],Indicates whether the adviser or any advisory affiliate has been charged with any felony.
Form ADV,Item 11,11.B,"In the past ten years, have you or any advisory affiliate:",,,
Form ADV,Item 11,11.B(1),"been convicted of or pled guilty or nolo contendere ('no contest') in a domestic, foreign, or military court to a misdemeanor involving: investments or an investment-related business, or any fraud, false statements, or omissions, wrongful taking of property, bribery, perjury, forgery, counterfeiting, extortion, or a conspiracy to commit any of these offenses?",Checkbox,Misdemeanor Involving Specified Offense [Yes/No],Indicates whether the adviser or any advisory affiliate has been convicted of or pled guilty or nolo contendere to a misdemeanor involving specified offenses.
Form ADV,Item 11,11.B(2),been charged with a misdemeanor listed in Item 11.B.(1)?,Checkbox,Charged with Specified Misdemeanor [Yes/No],Indicates whether the adviser or any advisory affiliate has been charged with a specified misdemeanor.
Form ADV,Item 11,11.C,Has the SEC or the Commodity Futures Trading Commission (CFTC) ever:,,,
Form ADV,Item 11,11.C(1),found you or any advisory affiliate to have made a false statement or omission?,Checkbox,Found False Statement/Omission by SEC/CFTC [Yes/No],Indicates whether the SEC or CFTC has found the adviser or any advisory affiliate to have made a false statement or omission.
Form ADV,Item 11,11.C(2),found you or any advisory affiliate to have been involved in a violation of SEC or CFTC regulations or statutes?,Checkbox,Violation of SEC/CFTC Regulations [Yes/No],Indicates whether the adviser or any advisory affiliate has been found to be involved in a violation of SEC or CFTC regulations or statutes.
Form ADV,Item 11,11.C(3),"found you or any advisory affiliate to have been a cause of an investment-related business having its authorization to do business denied, suspended, revoked, or restricted?",Checkbox,Cause of Business Denial by SEC/CFTC [Yes/No],"Indicates whether the adviser or any advisory affiliate has been a cause of an investment-related business having its authorization to do business denied, suspended, revoked, or restricted by the SEC or CFTC."
Form ADV,Item 11,11.C(4),entered an order against you or any advisory affiliate in connection with investment-related activity?,Checkbox,SEC/CFTC Order [Yes/No],Indicates whether the SEC or CFTC has entered an order against the adviser or any advisory affiliate in connection with investment-related activity.
Form ADV,Item 11,11.C(5),"imposed a civil money penalty on you or any advisory affiliate, or ordered you or any advisory affiliate to cease and desist from any activity?",Checkbox,Civil Money Penalty/Cease and Desist by SEC/CFTC [Yes/No],Indicates whether the SEC or CFTC has imposed a civil money penalty or ordered a cease and desist from any activity on the adviser or any advisory affiliate.
Form ADV,Item 11,11.D,"Has any other federal regulatory agency, any state regulatory agency, or any foreign financial regulatory authority:",,,
Form ADV,Item 11,11.D(1),"ever found you or any advisory affiliate to have made a false statement or omission, or been dishonest, unfair, or unethical?",Checkbox,Found False Statement/Omission by Other Regulators [Yes/No],"Indicates whether any other federal regulatory agency, state regulatory agency, or foreign financial regulatory authority has found the adviser or any advisory affiliate to have made a false statement or omission, or been dishonest, unfair, or unethical."
Form ADV,Item 11,11.D(2),ever found you or any advisory affiliate to have been involved in a violation of investment-related regulations or statutes?,Checkbox,Violation of Other Regulators' Regulations [Yes/No],Indicates whether the adviser or any advisory affiliate has been found to be involved in a violation of investment-related regulations or statutes by other regulators.
Form ADV,Item 11,11.D(3),"ever found you or any advisory affiliate to have been a cause of an investment-related business having its authorization to do business denied, suspended, revoked, or restricted?",Checkbox,Cause of Business Denial by Other Regulators [Yes/No],"Indicates whether the adviser or any advisory affiliate has been a cause of an investment-related business having its authorization to do business denied, suspended, revoked, or restricted by other regulators."
Form ADV,Item 11,11.D(4),"in the past ten years, entered an order against you or any advisory affiliate in connection with an investment-related activity?",Checkbox,Order by Other Regulators [Yes/No],"Indicates whether, in the past ten years, any other regulator has entered an order against the adviser or any advisory affiliate in connection with an investment-related activity."
Form ADV,Item 11,11.D(5),"ever denied, suspended, or revoked your or any advisory affiliate's registration or license, or otherwise prevented you or any advisory affiliate, by order, from associating with an investment-related business or restricted your or any advisory affiliate's activity?",Checkbox,Registration Denial/Suspension by Other Regulators [Yes/No],"Indicates whether any other regulator has denied, suspended, or revoked the adviser's or any advisory affiliate's registration or license, or otherwise prevented them from associating with an investment-related business or restricted their activity."
Form ADV,Item 11,11.E,Has any self-regulatory organization or commodities exchange ever:,,,
Form ADV,Item 11,11.E(1),found you or any advisory affiliate to have made a false statement or omission?,Checkbox,Found False Statement/Omission by SRO/Exchange [Yes/No],Indicates whether any self-regulatory organization or commodities exchange has found the adviser or any advisory affiliate to have made a false statement or omission.
Form ADV,Item 11,11.E(2),found you or any advisory affiliate to have been involved in a violation of its rules (other than a violation designated as a 'minor rule violation' under a plan approved by the SEC)?,Checkbox,Violation of SRO/Exchange Rules [Yes/No],Indicates whether the adviser or any advisory affiliate has been found to be involved in a violation of rules by a self-regulatory organization or commodities exchange.
Form ADV,Item 11,11.E(3),"found you or any advisory affiliate to have been the cause of an investment-related business having its authorization to do business denied, suspended, revoked, or restricted?",Checkbox,Cause of Business Denial by SRO/Exchange [Yes/No],"Indicates whether the adviser or any advisory affiliate has been the cause of an investment-related business having its authorization to do business denied, suspended, revoked, or restricted by an SRO/commodities exchange."
Form ADV,Item 11,11.E(4),"disciplined you or any advisory affiliate by expelling or suspending you or the advisory affiliate from membership, barring or suspending you or the advisory affiliate from association with other members, or otherwise restricting your or the advisory affiliate's activities?",Checkbox,Discipline by SRO/Exchange [Yes/No],"Indicates whether any self-regulatory organization or commodities exchange has disciplined the adviser or any advisory affiliate by expelling, suspending, barring association, or otherwise restricting activities."
Form ADV,Item 11,11.F,"Has an authorization to act as an attorney, accountant, or federal contractor granted to you or any advisory affiliate ever been revoked or suspended?",Checkbox,Revocation/Suspension of Authorizations [Yes/No],"Indicates whether an authorization to act as an attorney, accountant, or federal contractor granted to the adviser or any advisory affiliate has ever been revoked or suspended."
Form ADV,Item 11,11.G,"Are you or any advisory affiliate now the subject of any regulatory proceeding that could result in a 'yes' answer to any part of Item 11.C., 11.D., or 11.E.?",Checkbox,Ongoing Regulatory Proceeding [Yes/No],"Indicates whether the adviser or any advisory affiliate is currently the subject of any regulatory proceeding that could result in a 'yes' answer to any part of Items 11.C., 11.D., or 11.E."
Form ADV,Item 11,11.H,"For 'yes' answers to the following questions, complete a Civil Judicial Action DRP:",,,
Form ADV,Item 11,11.H(1)(a),"(a) ""Has any domestic or foreign court: in the past ten years enjoined you or any advisory affiliate in connection with any investment-related activity?""",Checkbox,Civil Injunction in Last 10 Years [Yes/No],Indicates whether any domestic or foreign court has enjoined the adviser or any advisory affiliate in connection with any investment-related activity in the past ten years.
Form ADV,Item 11,11.H(1)(b),ever found that you or any advisory affiliate were involved in a violation of investment-related statutes or regulations?,Checkbox,Found Violation of Investment-Related Statutes/Regulations [Yes/No],Indicates whether any domestic or foreign court has found the adviser or any advisory affiliate was involved in a violation of investment-related statutes or regulations.
Form ADV,Item 11,11.H(1)(c),"ever dismissed, pursuant to a settlement agreement, an investment-related civil action brought against you or any advisory affiliate by a state or foreign financial regulatory authority?",Checkbox,Settlement Dismissal [Yes/No],"Indicates whether any domestic or foreign court has dismissed, pursuant to a settlement agreement, an investment-related civil action against the adviser or any advisory affiliate."
Form ADV,Item 11,11.H(2),Are you or any advisory affiliate now the subject of any civil proceeding that could result in a 'yes' answer to any part of Item 11.H.(1)?,Checkbox,Ongoing Civil Proceeding [Yes/No],Indicates whether the adviser or any advisory affiliate is now the subject of any civil proceeding that could result in a 'yes' answer to any part of Item 11.H.(1).
Form ADV,Item 12,12,"The SEC is required by the Regulatory Flexibility Act to consider the effect of its regulations on small entities. In order to do this, we need to determine whether you meet the definition of 'small business' or 'small organization' under rule 0-7.",Checkbox,Regulation Flexibility Act Compliance [Yes/No],Indicates whether the adviser needs to provide information to determine compliance with the Regulatory Flexibility Act.
Form ADV,Item 12,12.Detail1,"Answer this Item 12 only if you are registered or registering with the SEC and you indicated in response to Item 5.F.(2)(c) that you have regulatory assets under management of less than $25 million. You are not required to answer this Item 12 if you are filing for initial registration as a state adviser, amending a current state registration, or switching from SEC to state registration.",Instruction Text,Answer Item 12 Requirement [Yes/No],Indicates whether the adviser is required to answer Item 12 based on the criteria specified.
Form ADV,Item 12,12.Definition1,"For purposes of this Item 12 only: 'Total Assets refers to the total assets of a firm, rather than the assets managed on behalf of clients. In determining your or another person's total assets, you may use the total assets shown on a current balance sheet (but use total assets reported on a consolidated balance sheet with subsidiaries included, if that amount is larger).'",,Total Assets Definition,Definition of total assets for the purpose of responding to Item 12.
Form ADV,Item 12,12.Definition2,"'Control means the power to direct or cause the direction of the management or policies of a person, whether through ownership of securities, by contract, or otherwise. Any person that directly or indirectly has the right to vote 25 percent or more of the voting securities, or is entitled to 25 percent or more of the profits, of another person is presumed to control the other person.'",,Control Definition,Definition of control for the purpose of responding to Item 12.
Form ADV,Item 12,12.A,Did you have total assets of $5 million or more on the last day of your most recent fiscal year? (Yes/No),Checkbox,Total Assets ≥ $5 Million [Yes/No],Indicates whether the adviser had total assets of $5 million or more on the last day of the most recent fiscal year.
Form ADV,Item 12,12.A.Detail,"If 'yes,' you do not need to answer Items 12.B. and 12.C.",Instruction Text,Skip Items 12.B. and 12.C. [Yes/No],Indicates that no response is needed for Items 12.B. and 12.C. if Item 12.A is answered 'yes.'
Form ADV,Item 12,12.B(1),Do you: control another investment adviser that had regulatory assets under management (calculated in response to Item 5.F.(2)(c) of Form ADV) of $25 million or more on the last day of its most recent fiscal year?,Checkbox,Control Investment Adviser with ≥$25M RAUM [Yes/No],Indicates whether the adviser controls another investment adviser with regulatory assets under management of $25 million or more on the last day of the most recent fiscal year.
Form ADV,Item 12,12.B(2),Do you: control another person (other than a natural person) that had total assets of $5 million or more on the last day of its most recent fiscal year?,Checkbox,Control Entity with ≥$5M Total Assets [Yes/No],Indicates whether the adviser controls another entity (other than a natural person) that had total assets of $5 million or more on the last day of its most recent fiscal year.
Form ADV,Item 12,12.C(1),Are you: controlled by or under common control with another investment adviser that had regulatory assets under management (calculated in response to Item 5.F.(2)(c) of Form ADV) of $25 million or more on the last day of its most recent fiscal year?,Checkbox,Controlled by IA with ≥$25M RAUM [Yes/No],Indicates whether the adviser is controlled by or under common control with another investment adviser that had regulatory assets under management of $25 million or more on the last day of its most recent fiscal year.
Form ADV,Item 12,12.C(2),Are you: controlled by or under common control with another person (other than a natural person) that had total assets of $5 million or more on the last day of its most recent fiscal year?,Checkbox,Controlled by Entity with ≥$5M Total Assets [Yes/No],Indicates whether the adviser is controlled by or under common control with another entity (other than a natural person) that had total assets of $5 million or more on the last day of its most recent fiscal year.
